npc_id,profile_text
apothecary_020,"A apothecary with a secretive, methodical demeanor who values knowledge, profit, discretion. Goals: maintain_business. avoid_scrutiny. protect_knowledge."
apothecary_031,"A apothecary with a polite, secretive demeanor who values knowledge, profit, discretion. Goals: maintain_business. avoid_scrutiny. protect_knowledge."
apothecary_105,"A apothecary with a methodical, secretive demeanor who values knowledge, profit, discretion. Goals: protect_knowledge. maintain_business. avoid_scrutiny."
apothecary_158,"A apothecary with a polite, secretive demeanor who values knowledge, profit, discretion. Goals: maintain_business. avoid_scrutiny. protect_knowledge."
apothecary_163,"A apothecary with a polite, methodical demeanor who values knowledge, profit, discretion. Goals: avoid_scrutiny. protect_knowledge. maintain_business."
apothecary_225,"A apothecary with a secretive, polite demeanor who values knowledge, profit, discretion. Goals: maintain_business. protect_knowledge. avoid_scrutiny."
apothecary_266,"A apothecary with a methodical, secretive demeanor who values knowledge, profit, discretion. Goals: avoid_scrutiny. maintain_business. protect_knowledge."
apothecary_281,"A apothecary with a methodical, polite demeanor who values knowledge, profit, discretion. Goals: avoid_scrutiny. protect_knowledge. maintain_business."
apothecary_292,"A apothecary with a secretive, polite demeanor who values knowledge, profit, discretion. Goals: protect_knowledge. maintain_business. avoid_scrutiny."
apothecary_328,"A apothecary with a polite, methodical demeanor who values knowledge, profit, discretion. Goals: protect_knowledge. avoid_scrutiny. maintain_business."
apothecary_336,"A apothecary with a methodical, polite demeanor who values knowledge, profit, discretion. Goals: maintain_business. avoid_scrutiny. protect_knowledge."
apothecary_487,"A apothecary with a polite, methodical demeanor who values knowledge, profit, discretion. Goals: maintain_business. avoid_scrutiny. protect_knowledge."
apothecary_493,"A apothecary with a methodical, secretive demeanor who values knowledge, profit, discretion. Goals: protect_knowledge. avoid_scrutiny. maintain_business."
apothecary_497,"A apothecary with a methodical, polite demeanor who values knowledge, profit, discretion. Goals: avoid_scrutiny. protect_knowledge. maintain_business."
apothecary_520,"A apothecary with a polite, methodical demeanor who values knowledge, profit, discretion. Goals: protect_knowledge. maintain_business. avoid_scrutiny."
apothecary_624,"A apothecary with a methodical, secretive demeanor who values knowledge, profit, discretion. Goals: avoid_scrutiny. protect_knowledge. maintain_business."
apothecary_647,"A apothecary with a methodical, polite demeanor who values knowledge, profit, discretion. Goals: protect_knowledge. avoid_scrutiny. maintain_business."
apothecary_741,"A apothecary with a methodical, secretive demeanor who values knowledge, profit, discretion. Goals: avoid_scrutiny. protect_knowledge. maintain_business."
apothecary_754,"A apothecary with a polite, methodical demeanor who values knowledge, profit, discretion. Goals: avoid_scrutiny. maintain_business. protect_knowledge."
apothecary_802,"A apothecary with a methodical, secretive demeanor who values knowledge, profit, discretion. Goals: avoid_scrutiny. maintain_business. protect_knowledge."
apothecary_805,"A apothecary with a methodical, polite demeanor who values knowledge, profit, discretion. Goals: avoid_scrutiny. maintain_business. protect_knowledge."
apothecary_872,"A apothecary with a methodical, polite demeanor who values knowledge, profit, discretion. Goals: maintain_business. protect_knowledge. avoid_scrutiny."
apothecary_894,"A apothecary with a methodical, secretive demeanor who values knowledge, profit, discretion. Goals: protect_knowledge. avoid_scrutiny. maintain_business."
apothecary_996,"A apothecary with a methodical, polite demeanor who values knowledge, profit, discretion. Goals: protect_knowledge. avoid_scrutiny. maintain_business."
blacksmith_081,"A blacksmith with a stubborn, honest demeanor who values craft, fairness, independence. Goals: maintain_independence. complete_work. earn_fair_pay."
blacksmith_129,"A blacksmith with a stubborn, direct demeanor who values craft, fairness, independence. Goals: maintain_independence. earn_fair_pay."
blacksmith_167,"A blacksmith with a honest, stubborn demeanor who values craft, fairness, independence. Goals: complete_work. earn_fair_pay."
blacksmith_186,"A blacksmith with a stubborn, honest demeanor who values craft, fairness, independence. Goals: maintain_independence. earn_fair_pay."
blacksmith_193,"A blacksmith with a direct, stubborn demeanor who values craft, fairness, independence. Goals: complete_work. earn_fair_pay. maintain_independence."
blacksmith_239,"A blacksmith with a direct, stubborn demeanor who values craft, fairness, independence. Goals: earn_fair_pay. maintain_independence. complete_work."
blacksmith_254,"A blacksmith with a honest, direct demeanor who values craft, fairness, independence. Goals: complete_work. earn_fair_pay."
blacksmith_282,"A blacksmith with a direct, stubborn demeanor who values craft, fairness, independence. Goals: complete_work. maintain_independence. earn_fair_pay."
blacksmith_353,"A blacksmith with a stubborn, direct demeanor who values craft, fairness, independence. Goals: maintain_independence. complete_work."
blacksmith_383,"A blacksmith with a honest, direct demeanor who values craft, fairness, independence. Goals: earn_fair_pay. complete_work."
blacksmith_462,"A blacksmith with a direct, honest demeanor who values craft, fairness, independence. Goals: maintain_independence. complete_work."
blacksmith_474,"A blacksmith with a honest, stubborn demeanor who values craft, fairness, independence. Goals: maintain_independence. complete_work."
blacksmith_642,"A blacksmith with a stubborn, direct demeanor who values craft, fairness, independence. Goals: complete_work. earn_fair_pay."
blacksmith_672,"A blacksmith with a direct, stubborn demeanor who values craft, fairness, independence. Goals: complete_work. maintain_independence. earn_fair_pay."
blacksmith_693,"A blacksmith with a stubborn, honest demeanor who values craft, fairness, independence. Goals: maintain_independence. complete_work."
blacksmith_744,"A blacksmith with a honest, stubborn demeanor who values craft, fairness, independence. Goals: complete_work. earn_fair_pay."
blacksmith_795,"A blacksmith with a direct, honest demeanor who values craft, fairness, independence. Goals: complete_work. maintain_independence."
blacksmith_797,"A blacksmith with a honest, stubborn demeanor who values craft, fairness, independence. Goals: complete_work. maintain_independence."
blacksmith_834,"A blacksmith with a stubborn, direct demeanor who values craft, fairness, independence. Goals: earn_fair_pay. complete_work."
blacksmith_868,"A blacksmith with a honest, stubborn demeanor who values craft, fairness, independence. Goals: maintain_independence. complete_work. earn_fair_pay."
blacksmith_922,"A blacksmith with a stubborn, honest demeanor who values craft, fairness, independence. Goals: complete_work. maintain_independence. earn_fair_pay."
blacksmith_973,"A blacksmith with a direct, stubborn demeanor who values craft, fairness, independence. Goals: complete_work. maintain_independence. earn_fair_pay."
castle_guard_104,"A castle guard with a terse, formal demeanor who values duty, loyalty, self_preservation. Goals: avoid_scandal. protect_vault. follow_orders."
castle_guard_112,"A castle guard with a terse, formal demeanor who values duty, loyalty, self_preservation. Goals: follow_orders. protect_vault. avoid_scandal."
castle_guard_135,"A castle guard with a formal, guarded demeanor who values duty, loyalty, self_preservation. Goals: avoid_scandal. follow_orders. protect_vault."
castle_guard_235,"A castle guard with a formal, guarded demeanor who values duty, loyalty, self_preservation. Goals: avoid_scandal. follow_orders. protect_vault."
castle_guard_332,"A castle guard with a formal, terse demeanor who values duty, loyalty, self_preservation. Goals: avoid_scandal. protect_vault. follow_orders."
castle_guard_366,"A castle guard with a formal, guarded demeanor who values duty, loyalty, self_preservation. Goals: avoid_scandal. protect_vault. follow_orders."
castle_guard_417,"A castle guard with a guarded, terse demeanor who values duty, loyalty, self_preservation. Goals: protect_vault. avoid_scandal. follow_orders."
castle_guard_423,"A castle guard with a formal, terse demeanor who values duty, loyalty, self_preservation. Goals: protect_vault. follow_orders. avoid_scandal."
castle_guard_578,"A castle guard with a formal, terse demeanor who values duty, loyalty, self_preservation. Goals: avoid_scandal. follow_orders. protect_vault."
castle_guard_602,"A castle guard with a terse, formal demeanor who values duty, loyalty, self_preservation. Goals: follow_orders. avoid_scandal. protect_vault."
castle_guard_723,"A castle guard with a guarded, formal demeanor who values duty, loyalty, self_preservation. Goals: avoid_scandal. follow_orders. protect_vault."
castle_guard_814,"A castle guard with a terse, formal demeanor who values duty, loyalty, self_preservation. Goals: follow_orders. avoid_scandal. protect_vault."
castle_guard_941,"A castle guard with a guarded, formal demeanor who values duty, loyalty, self_preservation. Goals: avoid_scandal. follow_orders. protect_vault."
chamberlain_056,"A chamberlain with a refined, polite demeanor who values propriety, loyalty, ambition. Goals: serve_lord. maintain_propriety. advance_position."
chamberlain_084,"A chamberlain with a calculating, polite demeanor who values propriety, loyalty, ambition. Goals: advance_position. maintain_propriety. serve_lord."
chamberlain_211,"A chamberlain with a polite, calculating demeanor who values propriety, loyalty, ambition. Goals: maintain_propriety. advance_position. serve_lord."
chamberlain_218,"A chamberlain with a calculating, polite demeanor who values propriety, loyalty, ambition. Goals: maintain_propriety. advance_position. serve_lord."
chamberlain_263,"A chamberlain with a polite, calculating demeanor who values propriety, loyalty, ambition. Goals: serve_lord. maintain_propriety. advance_position."
chamberlain_349,"A chamberlain with a refined, calculating demeanor who values propriety, loyalty, ambition. Goals: maintain_propriety. advance_position. serve_lord."
chamberlain_378,"A chamberlain with a calculating, refined demeanor who values propriety, loyalty, ambition. Goals: advance_position. serve_lord. maintain_propriety."
chamberlain_497,"A chamberlain with a polite, refined demeanor who values propriety, loyalty, ambition. Goals: serve_lord. advance_position. maintain_propriety."
chamberlain_607,"A chamberlain with a polite, refined demeanor who values propriety, loyalty, ambition. Goals: maintain_propriety. serve_lord. advance_position."
chamberlain_617,"A chamberlain with a refined, polite demeanor who values propriety, loyalty, ambition. Goals: serve_lord. maintain_propriety. advance_position."
chamberlain_676,"A chamberlain with a calculating, refined demeanor who values propriety, loyalty, ambition. Goals: maintain_propriety. advance_position. serve_lord."
chamberlain_684,"A chamberlain with a refined, calculating demeanor who values propriety, loyalty, ambition. Goals: maintain_propriety. serve_lord. advance_position."
chamberlain_739,"A chamberlain with a calculating, refined demeanor who values propriety, loyalty, ambition. Goals: advance_position. maintain_propriety. serve_lord."
chamberlain_867,"A chamberlain with a polite, refined demeanor who values propriety, loyalty, ambition. Goals: maintain_propriety. serve_lord. advance_position."
commander_vance,"A castle guard with a stoic, exhausted, dutiful demeanor who values duty, honor, protection. Goals: hold the walls. catch the spy."
farmer_076,"A farmer with a honest, cautious demeanor who values family, land, survival. Goals: protect_family. survive_season."
farmer_103,"A farmer with a cautious, simple demeanor who values family, land, survival. Goals: protect_family. maintain_land."
farmer_116,"A farmer with a cautious, honest demeanor who values family, land, survival. Goals: protect_family. survive_season."
farmer_120,"A farmer with a cautious, honest demeanor who values family, land, survival. Goals: protect_family. maintain_land."
farmer_280,"A farmer with a honest, simple demeanor who values family, land, survival. Goals: maintain_land. survive_season."
farmer_299,"A farmer with a honest, simple demeanor who values family, land, survival. Goals: survive_season. protect_family."
farmer_363,"A farmer with a cautious, simple demeanor who values family, land, survival. Goals: protect_family. survive_season."
farmer_512,"A farmer with a simple, honest demeanor who values family, land, survival. Goals: survive_season. protect_family."
farmer_520,"A farmer with a honest, cautious demeanor who values family, land, survival. Goals: protect_family. maintain_land. survive_season."
farmer_638,"A farmer with a simple, honest demeanor who values family, land, survival. Goals: protect_family. survive_season."
farmer_659,"A farmer with a cautious, simple demeanor who values family, land, survival. Goals: maintain_land. protect_family. survive_season."
farmer_673,"A farmer with a simple, cautious demeanor who values family, land, survival. Goals: protect_family. maintain_land."
farmer_822,"A farmer with a honest, cautious demeanor who values family, land, survival. Goals: maintain_land. protect_family."
farmer_852,"A farmer with a cautious, honest demeanor who values family, land, survival. Goals: maintain_land. protect_family. survive_season."
farmer_887,"A farmer with a simple, cautious demeanor who values family, land, survival. Goals: maintain_land. protect_family."
farmer_975,"A farmer with a simple, cautious demeanor who values family, land, survival. Goals: survive_season. protect_family."
guild_master_075,"A guild master with a authoritative, diplomatic demeanor who values power, guild_prosperity, pragmatism. Goals: maintain_power. protect_guild. expand_influence."
guild_master_081,"A guild master with a calculating, authoritative demeanor who values power, guild_prosperity, pragmatism. Goals: protect_guild. maintain_power. expand_influence."
guild_master_099,"A guild master with a calculating, diplomatic demeanor who values power, guild_prosperity, pragmatism. Goals: protect_guild. expand_influence. maintain_power."
guild_master_114,"A guild master with a diplomatic, authoritative demeanor who values power, guild_prosperity, pragmatism. Goals: expand_influence. protect_guild. maintain_power."
guild_master_161,"A guild master with a calculating, authoritative demeanor who values power, guild_prosperity, pragmatism. Goals: protect_guild. maintain_power. expand_influence."
guild_master_324,"A guild master with a authoritative, calculating demeanor who values power, guild_prosperity, pragmatism. Goals: maintain_power. protect_guild. expand_influence."
guild_master_345,"A guild master with a calculating, authoritative demeanor who values power, guild_prosperity, pragmatism. Goals: expand_influence. maintain_power. protect_guild."
guild_master_384,"A guild master with a authoritative, calculating demeanor who values power, guild_prosperity, pragmatism. Goals: maintain_power. protect_guild. expand_influence."
guild_master_397,"A guild master with a diplomatic, calculating demeanor who values power, guild_prosperity, pragmatism. Goals: expand_influence. protect_guild. maintain_power."
guild_master_417,"A guild master with a diplomatic, calculating demeanor who values power, guild_prosperity, pragmatism. Goals: protect_guild. maintain_power. expand_influence."
guild_master_465,"A guild master with a calculating, diplomatic demeanor who values power, guild_prosperity, pragmatism. Goals: protect_guild. maintain_power. expand_influence."
guild_master_476,"A guild master with a calculating, authoritative demeanor who values power, guild_prosperity, pragmatism. Goals: maintain_power. expand_influence. protect_guild."
guild_master_507,"A guild master with a diplomatic, calculating demeanor who values power, guild_prosperity, pragmatism. Goals: maintain_power. expand_influence. protect_guild."
guild_master_528,"A guild master with a calculating, authoritative demeanor who values power, guild_prosperity, pragmatism. Goals: expand_influence. protect_guild. maintain_power."
guild_master_533,"A guild master with a diplomatic, authoritative demeanor who values power, guild_prosperity, pragmatism. Goals: expand_influence. maintain_power. protect_guild."
guild_master_560,"A guild master with a calculating, authoritative demeanor who values power, guild_prosperity, pragmatism. Goals: maintain_power. protect_guild. expand_influence."
guild_master_569,"A guild master with a authoritative, diplomatic demeanor who values power, guild_prosperity, pragmatism. Goals: expand_influence. maintain_power. protect_guild."
guild_master_582,"A guild master with a calculating, authoritative demeanor who values power, guild_prosperity, pragmatism. Goals: protect_guild. maintain_power. expand_influence."
guild_master_590,"A guild master with a calculating, diplomatic demeanor who values power, guild_prosperity, pragmatism. Goals: maintain_power. protect_guild. expand_influence."
guild_master_641,"A guild master with a diplomatic, authoritative demeanor who values power, guild_prosperity, pragmatism. Goals: expand_influence. protect_guild. maintain_power."
guild_master_667,"A guild master with a calculating, authoritative demeanor who values power, guild_prosperity, pragmatism. Goals: maintain_power. expand_influence. protect_guild."
guild_master_680,"A guild master with a calculating, authoritative demeanor who values power, guild_prosperity, pragmatism. Goals: maintain_power. expand_influence. protect_guild."
guild_master_742,"A guild master with a calculating, diplomatic demeanor who values power, guild_prosperity, pragmatism. Goals: maintain_power. protect_guild. expand_influence."
guild_master_748,"A guild master with a diplomatic, authoritative demeanor who values power, guild_prosperity, pragmatism. Goals: maintain_power. protect_guild. expand_influence."
guild_master_763,"A guild master with a diplomatic, calculating demeanor who values power, guild_prosperity, pragmatism. Goals: maintain_power. expand_influence. protect_guild."
guild_master_764,"A guild master with a diplomatic, calculating demeanor who values power, guild_prosperity, pragmatism. Goals: protect_guild. maintain_power. expand_influence."
guild_master_765,"A guild master with a authoritative, diplomatic demeanor who values power, guild_prosperity, pragmatism. Goals: protect_guild. expand_influence. maintain_power."
guild_master_788,"A guild master with a calculating, authoritative demeanor who values power, guild_prosperity, pragmatism. Goals: maintain_power. expand_influence. protect_guild."
guild_master_826,"A guild master with a authoritative, calculating demeanor who values power, guild_prosperity, pragmatism. Goals: protect_guild. expand_influence. maintain_power."
guild_master_852,"A guild master with a calculating, authoritative demeanor who values power, guild_prosperity, pragmatism. Goals: expand_influence. maintain_power. protect_guild."
guild_master_881,"A guild master with a calculating, diplomatic demeanor who values power, guild_prosperity, pragmatism. Goals: expand_influence. maintain_power. protect_guild."
guild_master_882,"A guild master with a diplomatic, calculating demeanor who values power, guild_prosperity, pragmatism. Goals: protect_guild. maintain_power. expand_influence."
guild_master_892,"A guild master with a calculating, authoritative demeanor who values power, guild_prosperity, pragmatism. Goals: protect_guild. maintain_power. expand_influence."
guild_master_905,"A guild master with a authoritative, diplomatic demeanor who values power, guild_prosperity, pragmatism. Goals: maintain_power. expand_influence. protect_guild."
guild_master_943,"A guild master with a authoritative, calculating demeanor who values power, guild_prosperity, pragmatism. Goals: protect_guild. maintain_power. expand_influence."
guild_master_958,"A guild master with a diplomatic, calculating demeanor who values power, guild_prosperity, pragmatism. Goals: protect_guild. expand_influence. maintain_power."
guild_master_974,"A guild master with a authoritative, diplomatic demeanor who values power, guild_prosperity, pragmatism. Goals: protect_guild. maintain_power. expand_influence."
guild_master_979,"A guild master with a diplomatic, authoritative demeanor who values power, guild_prosperity, pragmatism. Goals: expand_influence. protect_guild. maintain_power."
guild_master_985,"A guild master with a authoritative, calculating demeanor who values power, guild_prosperity, pragmatism. Goals: expand_influence. maintain_power. protect_guild."
healer_013,"A healer with a empathetic, careful demeanor who values compassion, knowledge, neutrality. Goals: maintain_neutrality. help_patient. protect_knowledge."
healer_072,"A healer with a calm, careful demeanor who values compassion, knowledge, neutrality. Goals: maintain_neutrality. help_patient. protect_knowledge."
healer_082,"A healer with a calm, empathetic demeanor who values compassion, knowledge, neutrality. Goals: help_patient. maintain_neutrality. protect_knowledge."
healer_237,"A healer with a calm, careful demeanor who values compassion, knowledge, neutrality. Goals: maintain_neutrality. help_patient. protect_knowledge."
healer_301,"A healer with a empathetic, calm demeanor who values compassion, knowledge, neutrality. Goals: maintain_neutrality. help_patient. protect_knowledge."
healer_425,"A healer with a empathetic, careful demeanor who values compassion, knowledge, neutrality. Goals: help_patient. protect_knowledge. maintain_neutrality."
healer_443,"A healer with a empathetic, careful demeanor who values compassion, knowledge, neutrality. Goals: help_patient. protect_knowledge. maintain_neutrality."
healer_490,"A healer with a careful, empathetic demeanor who values compassion, knowledge, neutrality. Goals: maintain_neutrality. help_patient. protect_knowledge."
healer_507,"A healer with a empathetic, calm demeanor who values compassion, knowledge, neutrality. Goals: help_patient. maintain_neutrality. protect_knowledge."
healer_518,"A healer with a careful, empathetic demeanor who values compassion, knowledge, neutrality. Goals: help_patient. protect_knowledge. maintain_neutrality."
healer_528,"A healer with a empathetic, calm demeanor who values compassion, knowledge, neutrality. Goals: maintain_neutrality. help_patient. protect_knowledge."
healer_541,"A healer with a careful, empathetic demeanor who values compassion, knowledge, neutrality. Goals: help_patient. protect_knowledge. maintain_neutrality."
healer_598,"A healer with a empathetic, calm demeanor who values compassion, knowledge, neutrality. Goals: protect_knowledge. maintain_neutrality. help_patient."
healer_655,"A healer with a calm, empathetic demeanor who values compassion, knowledge, neutrality. Goals: protect_knowledge. maintain_neutrality. help_patient."
healer_662,"A healer with a calm, careful demeanor who values compassion, knowledge, neutrality. Goals: help_patient. maintain_neutrality. protect_knowledge."
healer_700,"A healer with a careful, calm demeanor who values compassion, knowledge, neutrality. Goals: protect_knowledge. maintain_neutrality. help_patient."
healer_723,"A healer with a empathetic, calm demeanor who values compassion, knowledge, neutrality. Goals: help_patient. protect_knowledge. maintain_neutrality."
healer_727,"A healer with a calm, careful demeanor who values compassion, knowledge, neutrality. Goals: help_patient. maintain_neutrality. protect_knowledge."
healer_740,"A healer with a empathetic, careful demeanor who values compassion, knowledge, neutrality. Goals: help_patient. maintain_neutrality. protect_knowledge."
healer_771,"A healer with a empathetic, careful demeanor who values compassion, knowledge, neutrality. Goals: help_patient. maintain_neutrality. protect_knowledge."
healer_878,"A healer with a empathetic, careful demeanor who values compassion, knowledge, neutrality. Goals: maintain_neutrality. help_patient. protect_knowledge."
healer_989,"A healer with a empathetic, calm demeanor who values compassion, knowledge, neutrality. Goals: help_patient. protect_knowledge. maintain_neutrality."
innkeeper_065,"A innkeeper with a gossipy, pragmatic demeanor who values profit, community, self_preservation. Goals: earn_profit. avoid_trouble. maintain_peace."
innkeeper_070,"A innkeeper with a pragmatic, warm demeanor who values profit, community, self_preservation. Goals: maintain_peace. earn_profit. avoid_trouble."
innkeeper_083,"A innkeeper with a pragmatic, warm demeanor who values profit, community, self_preservation. Goals: avoid_trouble. maintain_peace. earn_profit."
innkeeper_101,"A innkeeper with a warm, gossipy demeanor who values profit, community, self_preservation. Goals: maintain_peace. avoid_trouble. earn_profit."
innkeeper_102,"A innkeeper with a pragmatic, warm demeanor who values profit, community, self_preservation. Goals: earn_profit. avoid_trouble. maintain_peace."
innkeeper_151,"A innkeeper with a warm, pragmatic demeanor who values profit, community, self_preservation. Goals: maintain_peace. earn_profit. avoid_trouble."
innkeeper_157,"A innkeeper with a gossipy, pragmatic demeanor who values profit, community, self_preservation. Goals: maintain_peace. avoid_trouble. earn_profit."
innkeeper_195,"A innkeeper with a warm, gossipy demeanor who values profit, community, self_preservation. Goals: earn_profit. avoid_trouble. maintain_peace."
innkeeper_215,"A innkeeper with a pragmatic, gossipy demeanor who values profit, community, self_preservation. Goals: avoid_trouble. maintain_peace. earn_profit."
innkeeper_228,"A innkeeper with a pragmatic, warm demeanor who values profit, community, self_preservation. Goals: earn_profit. maintain_peace. avoid_trouble."
innkeeper_229,"A innkeeper with a warm, pragmatic demeanor who values profit, community, self_preservation. Goals: avoid_trouble. earn_profit. maintain_peace."
innkeeper_245,"A innkeeper with a gossipy, warm demeanor who values profit, community, self_preservation. Goals: avoid_trouble. maintain_peace. earn_profit."
innkeeper_246,"A innkeeper with a warm, pragmatic demeanor who values profit, community, self_preservation. Goals: earn_profit. avoid_trouble. maintain_peace."
innkeeper_272,"A innkeeper with a gossipy, warm demeanor who values profit, community, self_preservation. Goals: avoid_trouble. maintain_peace. earn_profit."
innkeeper_289,"A innkeeper with a pragmatic, warm demeanor who values profit, community, self_preservation. Goals: avoid_trouble. maintain_peace. earn_profit."
innkeeper_295,"A innkeeper with a pragmatic, warm demeanor who values profit, community, self_preservation. Goals: maintain_peace. avoid_trouble. earn_profit."
innkeeper_353,"A innkeeper with a pragmatic, gossipy demeanor who values profit, community, self_preservation. Goals: avoid_trouble. earn_profit. maintain_peace."
innkeeper_371,"A innkeeper with a pragmatic, gossipy demeanor who values profit, community, self_preservation. Goals: earn_profit. maintain_peace. avoid_trouble."
innkeeper_413,"A innkeeper with a pragmatic, gossipy demeanor who values profit, community, self_preservation. Goals: avoid_trouble. earn_profit. maintain_peace."
innkeeper_421,"A innkeeper with a gossipy, warm demeanor who values profit, community, self_preservation. Goals: earn_profit. maintain_peace. avoid_trouble."
innkeeper_423,"A innkeeper with a pragmatic, warm demeanor who values profit, community, self_preservation. Goals: earn_profit. avoid_trouble. maintain_peace."
innkeeper_437,"A innkeeper with a pragmatic, warm demeanor who values profit, community, self_preservation. Goals: maintain_peace. avoid_trouble. earn_profit."
innkeeper_457,"A innkeeper with a warm, gossipy demeanor who values profit, community, self_preservation. Goals: avoid_trouble. maintain_peace. earn_profit."
innkeeper_458,"A innkeeper with a pragmatic, gossipy demeanor who values profit, community, self_preservation. Goals: maintain_peace. avoid_trouble. earn_profit."
innkeeper_461,"A innkeeper with a warm, pragmatic demeanor who values profit, community, self_preservation. Goals: earn_profit. avoid_trouble. maintain_peace."
innkeeper_465,"A innkeeper with a gossipy, pragmatic demeanor who values profit, community, self_preservation. Goals: avoid_trouble. earn_profit. maintain_peace."
innkeeper_467,"A innkeeper with a gossipy, pragmatic demeanor who values profit, community, self_preservation. Goals: maintain_peace. earn_profit. avoid_trouble."
innkeeper_482,"A innkeeper with a gossipy, pragmatic demeanor who values profit, community, self_preservation. Goals: maintain_peace. avoid_trouble. earn_profit."
innkeeper_491,"A innkeeper with a gossipy, pragmatic demeanor who values profit, community, self_preservation. Goals: earn_profit. avoid_trouble. maintain_peace."
innkeeper_504,"A innkeeper with a warm, pragmatic demeanor who values profit, community, self_preservation. Goals: avoid_trouble. maintain_peace. earn_profit."
innkeeper_547,"A innkeeper with a warm, gossipy demeanor who values profit, community, self_preservation. Goals: earn_profit. avoid_trouble. maintain_peace."
innkeeper_553,"A innkeeper with a warm, gossipy demeanor who values profit, community, self_preservation. Goals: earn_profit. maintain_peace. avoid_trouble."
innkeeper_571,"A innkeeper with a warm, pragmatic demeanor who values profit, community, self_preservation. Goals: maintain_peace. earn_profit. avoid_trouble."
innkeeper_622,"A innkeeper with a pragmatic, gossipy demeanor who values profit, community, self_preservation. Goals: maintain_peace. avoid_trouble. earn_profit."
innkeeper_632,"A innkeeper with a gossipy, warm demeanor who values profit, community, self_preservation. Goals: maintain_peace. earn_profit. avoid_trouble."
innkeeper_654,"A innkeeper with a gossipy, warm demeanor who values profit, community, self_preservation. Goals: maintain_peace. earn_profit. avoid_trouble."
innkeeper_662,"A innkeeper with a warm, pragmatic demeanor who values profit, community, self_preservation. Goals: avoid_trouble. earn_profit. maintain_peace."
innkeeper_701,"A innkeeper with a warm, pragmatic demeanor who values profit, community, self_preservation. Goals: earn_profit. maintain_peace. avoid_trouble."
innkeeper_730,"A innkeeper with a pragmatic, warm demeanor who values profit, community, self_preservation. Goals: maintain_peace. avoid_trouble. earn_profit."
innkeeper_773,"A innkeeper with a gossipy, warm demeanor who values profit, community, self_preservation. Goals: avoid_trouble. earn_profit. maintain_peace."
innkeeper_774,"A innkeeper with a warm, pragmatic demeanor who values profit, community, self_preservation. Goals: earn_profit. avoid_trouble. maintain_peace."
innkeeper_782,"A innkeeper with a gossipy, pragmatic demeanor who values profit, community, self_preservation. Goals: maintain_peace. earn_profit. avoid_trouble."
innkeeper_801,"A innkeeper with a pragmatic, gossipy demeanor who values profit, community, self_preservation. Goals: maintain_peace. avoid_trouble. earn_profit."
innkeeper_826,"A innkeeper with a warm, pragmatic demeanor who values profit, community, self_preservation. Goals: maintain_peace. avoid_trouble. earn_profit."
innkeeper_844,"A innkeeper with a warm, gossipy demeanor who values profit, community, self_preservation. Goals: avoid_trouble. maintain_peace. earn_profit."
innkeeper_868,"A innkeeper with a gossipy, warm demeanor who values profit, community, self_preservation. Goals: avoid_trouble. earn_profit. maintain_peace."
innkeeper_877,"A innkeeper with a gossipy, warm demeanor who values profit, community, self_preservation. Goals: maintain_peace. avoid_trouble. earn_profit."
innkeeper_881,"A innkeeper with a gossipy, warm demeanor who values profit, community, self_preservation. Goals: avoid_trouble. earn_profit. maintain_peace."
innkeeper_904,"A innkeeper with a gossipy, pragmatic demeanor who values profit, community, self_preservation. Goals: maintain_peace. avoid_trouble. earn_profit."
innkeeper_906,"A innkeeper with a pragmatic, gossipy demeanor who values profit, community, self_preservation. Goals: avoid_trouble. earn_profit. maintain_peace."
innkeeper_909,"A innkeeper with a pragmatic, gossipy demeanor who values profit, community, self_preservation. Goals: maintain_peace. earn_profit. avoid_trouble."
innkeeper_920,"A innkeeper with a gossipy, warm demeanor who values profit, community, self_preservation. Goals: maintain_peace. earn_profit. avoid_trouble."
innkeeper_921,"A innkeeper with a pragmatic, gossipy demeanor who values profit, community, self_preservation. Goals: earn_profit. maintain_peace. avoid_trouble."
innkeeper_965,"A innkeeper with a gossipy, pragmatic demeanor who values profit, community, self_preservation. Goals: avoid_trouble. earn_profit. maintain_peace."
innkeeper_984,"A innkeeper with a warm, pragmatic demeanor who values profit, community, self_preservation. Goals: avoid_trouble. earn_profit. maintain_peace."
innkeeper_994,"A innkeeper with a gossipy, pragmatic demeanor who values profit, community, self_preservation. Goals: maintain_peace. earn_profit. avoid_trouble."
mayor_elara,"A steward with a diplomatic, anxious, calculating demeanor who values peace, survival, community. Goals: negotiate surrender. save citizens."
merchant_046,"A merchant with a evasive, affable demeanor who values profit, reputation, pragmatism. Goals: complete_deal. maximize_profit. protect_reputation."
merchant_048,"A merchant with a affable, shrewd demeanor who values profit, reputation, pragmatism. Goals: protect_reputation. maximize_profit. complete_deal."
merchant_057,"A merchant with a shrewd, evasive demeanor who values profit, reputation, pragmatism. Goals: protect_reputation. complete_deal. maximize_profit."
merchant_080,"A merchant with a shrewd, affable demeanor who values profit, reputation, pragmatism. Goals: protect_reputation. complete_deal. maximize_profit."
merchant_107,"A merchant with a shrewd, affable demeanor who values profit, reputation, pragmatism. Goals: complete_deal. maximize_profit. protect_reputation."
merchant_141,"A merchant with a evasive, shrewd demeanor who values profit, reputation, pragmatism. Goals: complete_deal. protect_reputation. maximize_profit."
merchant_145,"A merchant with a shrewd, affable demeanor who values profit, reputation, pragmatism. Goals: maximize_profit. protect_reputation. complete_deal."
merchant_185,"A merchant with a shrewd, affable demeanor who values profit, reputation, pragmatism. Goals: protect_reputation. complete_deal. maximize_profit."
merchant_229,"A merchant with a shrewd, evasive demeanor who values profit, reputation, pragmatism. Goals: maximize_profit. complete_deal. protect_reputation."
merchant_250,"A merchant with a affable, evasive demeanor who values profit, reputation, pragmatism. Goals: protect_reputation. maximize_profit. complete_deal."
merchant_259,"A merchant with a affable, shrewd demeanor who values profit, reputation, pragmatism. Goals: protect_reputation. complete_deal. maximize_profit."
merchant_307,"A merchant with a evasive, affable demeanor who values profit, reputation, pragmatism. Goals: maximize_profit. protect_reputation. complete_deal."
merchant_309,"A merchant with a affable, evasive demeanor who values profit, reputation, pragmatism. Goals: complete_deal. maximize_profit. protect_reputation."
merchant_329,"A merchant with a affable, shrewd demeanor who values profit, reputation, pragmatism. Goals: complete_deal. maximize_profit. protect_reputation."
merchant_349,"A merchant with a shrewd, evasive demeanor who values profit, reputation, pragmatism. Goals: protect_reputation. maximize_profit. complete_deal."
merchant_380,"A merchant with a affable, shrewd demeanor who values profit, reputation, pragmatism. Goals: maximize_profit. protect_reputation. complete_deal."
merchant_405,"A merchant with a affable, shrewd demeanor who values profit, reputation, pragmatism. Goals: maximize_profit. complete_deal. protect_reputation."
merchant_410,"A merchant with a evasive, shrewd demeanor who values profit, reputation, pragmatism. Goals: maximize_profit. complete_deal. protect_reputation."
merchant_445,"A merchant with a affable, evasive demeanor who values profit, reputation, pragmatism. Goals: protect_reputation. complete_deal. maximize_profit."
merchant_447,"A merchant with a affable, shrewd demeanor who values profit, reputation, pragmatism. Goals: protect_reputation. maximize_profit. complete_deal."
merchant_484,"A merchant with a affable, evasive demeanor who values profit, reputation, pragmatism. Goals: complete_deal. maximize_profit. protect_reputation."
merchant_567,"A merchant with a shrewd, affable demeanor who values profit, reputation, pragmatism. Goals: protect_reputation. complete_deal. maximize_profit."
merchant_577,"A merchant with a shrewd, evasive demeanor who values profit, reputation, pragmatism. Goals: maximize_profit. complete_deal. protect_reputation."
merchant_582,"A merchant with a evasive, shrewd demeanor who values profit, reputation, pragmatism. Goals: protect_reputation. maximize_profit. complete_deal."
merchant_625,"A merchant with a evasive, affable demeanor who values profit, reputation, pragmatism. Goals: complete_deal. maximize_profit. protect_reputation."
merchant_739,"A merchant with a shrewd, affable demeanor who values profit, reputation, pragmatism. Goals: complete_deal. maximize_profit. protect_reputation."
merchant_798,"A merchant with a evasive, shrewd demeanor who values profit, reputation, pragmatism. Goals: protect_reputation. maximize_profit. complete_deal."
merchant_803,"A merchant with a evasive, shrewd demeanor who values profit, reputation, pragmatism. Goals: maximize_profit. protect_reputation. complete_deal."
merchant_963,"A merchant with a evasive, affable demeanor who values profit, reputation, pragmatism. Goals: complete_deal. protect_reputation. maximize_profit."
merchant_991,"A merchant with a evasive, affable demeanor who values profit, reputation, pragmatism. Goals: protect_reputation. maximize_profit. complete_deal."
merchant_garrick,"A merchant with a greedy, pragmatic, shifty demeanor who values profit, self_preservation. Goals: hoard grain. bribe guards."
priest_020,"A priest with a persuasive, serene demeanor who values faith, duty, community. Goals: protect_flock. maintain_authority. serve_faith."
priest_048,"A priest with a serene, persuasive demeanor who values faith, duty, community. Goals: maintain_authority. protect_flock. serve_faith."
priest_096,"A priest with a persuasive, serene demeanor who values faith, duty, community. Goals: maintain_authority. protect_flock. serve_faith."
priest_110,"A priest with a persuasive, serene demeanor who values faith, duty, community. Goals: serve_faith. maintain_authority. protect_flock."
priest_180,"A priest with a persuasive, serene demeanor who values faith, duty, community. Goals: maintain_authority. serve_faith. protect_flock."
priest_181,"A priest with a evasive, persuasive demeanor who values faith, duty, community. Goals: maintain_authority. protect_flock. serve_faith."
priest_202,"A priest with a persuasive, serene demeanor who values faith, duty, community. Goals: maintain_authority. serve_faith. protect_flock."
priest_257,"A priest with a persuasive, evasive demeanor who values faith, duty, community. Goals: serve_faith. protect_flock. maintain_authority."
priest_355,"A priest with a serene, persuasive demeanor who values faith, duty, community. Goals: serve_faith. maintain_authority. protect_flock."
priest_384,"A priest with a serene, evasive demeanor who values faith, duty, community. Goals: protect_flock. serve_faith. maintain_authority."
priest_411,"A priest with a evasive, serene demeanor who values faith, duty, community. Goals: protect_flock. maintain_authority. serve_faith."
priest_426,"A priest with a serene, evasive demeanor who values faith, duty, community. Goals: maintain_authority. serve_faith. protect_flock."
priest_441,"A priest with a evasive, serene demeanor who values faith, duty, community. Goals: maintain_authority. protect_flock. serve_faith."
priest_461,"A priest with a persuasive, serene demeanor who values faith, duty, community. Goals: protect_flock. serve_faith. maintain_authority."
priest_491,"A priest with a persuasive, serene demeanor who values faith, duty, community. Goals: protect_flock. maintain_authority. serve_faith."
priest_500,"A priest with a serene, persuasive demeanor who values faith, duty, community. Goals: maintain_authority. protect_flock. serve_faith."
priest_510,"A priest with a persuasive, evasive demeanor who values faith, duty, community. Goals: serve_faith. protect_flock. maintain_authority."
priest_547,"A priest with a serene, persuasive demeanor who values faith, duty, community. Goals: protect_flock. serve_faith. maintain_authority."
priest_560,"A priest with a evasive, serene demeanor who values faith, duty, community. Goals: maintain_authority. serve_faith. protect_flock."
priest_590,"A priest with a evasive, serene demeanor who values faith, duty, community. Goals: protect_flock. maintain_authority. serve_faith."
priest_617,"A priest with a serene, evasive demeanor who values faith, duty, community. Goals: serve_faith. protect_flock. maintain_authority."
priest_625,"A priest with a persuasive, serene demeanor who values faith, duty, community. Goals: protect_flock. serve_faith. maintain_authority."
priest_631,"A priest with a evasive, serene demeanor who values faith, duty, community. Goals: maintain_authority. protect_flock. serve_faith."
priest_640,"A priest with a evasive, persuasive demeanor who values faith, duty, community. Goals: protect_flock. maintain_authority. serve_faith."
priest_641,"A priest with a persuasive, serene demeanor who values faith, duty, community. Goals: protect_flock. serve_faith. maintain_authority."
priest_687,"A priest with a evasive, serene demeanor who values faith, duty, community. Goals: maintain_authority. protect_flock. serve_faith."
priest_704,"A priest with a evasive, serene demeanor who values faith, duty, community. Goals: protect_flock. maintain_authority. serve_faith."
priest_733,"A priest with a persuasive, serene demeanor who values faith, duty, community. Goals: serve_faith. maintain_authority. protect_flock."
priest_751,"A priest with a evasive, serene demeanor who values faith, duty, community. Goals: serve_faith. maintain_authority. protect_flock."
priest_768,"A priest with a evasive, persuasive demeanor who values faith, duty, community. Goals: maintain_authority. serve_faith. protect_flock."
priest_798,"A priest with a persuasive, serene demeanor who values faith, duty, community. Goals: serve_faith. protect_flock. maintain_authority."
priest_855,"A priest with a persuasive, evasive demeanor who values faith, duty, community. Goals: serve_faith. protect_flock. maintain_authority."
scholar_236,"A scholar with a pedantic, analytical demeanor who values knowledge, truth, independence. Goals: protect_research. maintain_reputation."
scholar_333,"A scholar with a analytical, curious demeanor who values knowledge, truth, independence. Goals: pursue_knowledge. protect_research. maintain_reputation."
scholar_337,"A scholar with a pedantic, analytical demeanor who values knowledge, truth, independence. Goals: protect_research. maintain_reputation."
scholar_345,"A scholar with a curious, pedantic demeanor who values knowledge, truth, independence. Goals: maintain_reputation. protect_research. pursue_knowledge."
scholar_379,"A scholar with a pedantic, curious demeanor who values knowledge, truth, independence. Goals: maintain_reputation. pursue_knowledge. protect_research."
scholar_386,"A scholar with a analytical, pedantic demeanor who values knowledge, truth, independence. Goals: pursue_knowledge. maintain_reputation. protect_research."
scholar_403,"A scholar with a curious, pedantic demeanor who values knowledge, truth, independence. Goals: maintain_reputation. protect_research."
scholar_423,"A scholar with a curious, pedantic demeanor who values knowledge, truth, independence. Goals: maintain_reputation. protect_research."
scholar_463,"A scholar with a analytical, curious demeanor who values knowledge, truth, independence. Goals: protect_research. maintain_reputation."
scholar_513,"A scholar with a curious, pedantic demeanor who values knowledge, truth, independence. Goals: protect_research. pursue_knowledge."
scholar_579,"A scholar with a curious, pedantic demeanor who values knowledge, truth, independence. Goals: maintain_reputation. pursue_knowledge."
scholar_631,"A scholar with a curious, analytical demeanor who values knowledge, truth, independence. Goals: pursue_knowledge. maintain_reputation. protect_research."
scholar_676,"A scholar with a analytical, curious demeanor who values knowledge, truth, independence. Goals: maintain_reputation. protect_research."
scholar_852,"A scholar with a curious, analytical demeanor who values knowledge, truth, independence. Goals: maintain_reputation. protect_research. pursue_knowledge."
scholar_995,"A scholar with a curious, analytical demeanor who values knowledge, truth, independence. Goals: maintain_reputation. pursue_knowledge."
sergeant_007,"A sergeant with a brusque, professional demeanor who values order, hierarchy, duty. Goals: protect_garrison. follow_chain_of_command. maintain_order."
sergeant_154,"A sergeant with a authoritative, professional demeanor who values order, hierarchy, duty. Goals: protect_garrison. maintain_order. follow_chain_of_command."
sergeant_197,"A sergeant with a authoritative, brusque demeanor who values order, hierarchy, duty. Goals: maintain_order. protect_garrison. follow_chain_of_command."
sergeant_213,"A sergeant with a professional, brusque demeanor who values order, hierarchy, duty. Goals: follow_chain_of_command. protect_garrison. maintain_order."
sergeant_214,"A sergeant with a brusque, professional demeanor who values order, hierarchy, duty. Goals: maintain_order. follow_chain_of_command. protect_garrison."
sergeant_243,"A sergeant with a brusque, authoritative demeanor who values order, hierarchy, duty. Goals: protect_garrison. follow_chain_of_command. maintain_order."
sergeant_285,"A sergeant with a authoritative, professional demeanor who values order, hierarchy, duty. Goals: protect_garrison. maintain_order. follow_chain_of_command."
sergeant_290,"A sergeant with a professional, brusque demeanor who values order, hierarchy, duty. Goals: maintain_order. follow_chain_of_command. protect_garrison."
sergeant_298,"A sergeant with a authoritative, brusque demeanor who values order, hierarchy, duty. Goals: follow_chain_of_command. maintain_order. protect_garrison."
sergeant_337,"A sergeant with a brusque, authoritative demeanor who values order, hierarchy, duty. Goals: protect_garrison. follow_chain_of_command. maintain_order."
sergeant_349,"A sergeant with a professional, brusque demeanor who values order, hierarchy, duty. Goals: protect_garrison. maintain_order. follow_chain_of_command."
sergeant_391,"A sergeant with a professional, brusque demeanor who values order, hierarchy, duty. Goals: follow_chain_of_command. protect_garrison. maintain_order."
sergeant_413,"A sergeant with a brusque, professional demeanor who values order, hierarchy, duty. Goals: protect_garrison. maintain_order. follow_chain_of_command."
sergeant_520,"A sergeant with a authoritative, professional demeanor who values order, hierarchy, duty. Goals: follow_chain_of_command. protect_garrison. maintain_order."
sergeant_548,"A sergeant with a professional, brusque demeanor who values order, hierarchy, duty. Goals: follow_chain_of_command. protect_garrison. maintain_order."
sergeant_573,"A sergeant with a brusque, professional demeanor who values order, hierarchy, duty. Goals: maintain_order. follow_chain_of_command. protect_garrison."
sergeant_593,"A sergeant with a authoritative, brusque demeanor who values order, hierarchy, duty. Goals: follow_chain_of_command. protect_garrison. maintain_order."
sergeant_607,"A sergeant with a brusque, professional demeanor who values order, hierarchy, duty. Goals: maintain_order. follow_chain_of_command. protect_garrison."
sergeant_624,"A sergeant with a brusque, professional demeanor who values order, hierarchy, duty. Goals: follow_chain_of_command. protect_garrison. maintain_order."
sergeant_703,"A sergeant with a professional, authoritative demeanor who values order, hierarchy, duty. Goals: protect_garrison. follow_chain_of_command. maintain_order."
sergeant_717,"A sergeant with a brusque, professional demeanor who values order, hierarchy, duty. Goals: maintain_order. follow_chain_of_command. protect_garrison."
sergeant_782,"A sergeant with a authoritative, brusque demeanor who values order, hierarchy, duty. Goals: follow_chain_of_command. protect_garrison. maintain_order."
sergeant_798,"A sergeant with a brusque, authoritative demeanor who values order, hierarchy, duty. Goals: maintain_order. protect_garrison. follow_chain_of_command."
sergeant_828,"A sergeant with a professional, brusque demeanor who values order, hierarchy, duty. Goals: protect_garrison. follow_chain_of_command. maintain_order."
sergeant_850,"A sergeant with a professional, authoritative demeanor who values order, hierarchy, duty. Goals: follow_chain_of_command. maintain_order. protect_garrison."
sergeant_855,"A sergeant with a brusque, professional demeanor who values order, hierarchy, duty. Goals: maintain_order. protect_garrison. follow_chain_of_command."
sergeant_903,"A sergeant with a brusque, authoritative demeanor who values order, hierarchy, duty. Goals: maintain_order. protect_garrison. follow_chain_of_command."
sergeant_906,"A sergeant with a professional, brusque demeanor who values order, hierarchy, duty. Goals: follow_chain_of_command. maintain_order. protect_garrison."
sergeant_922,"A sergeant with a professional, authoritative demeanor who values order, hierarchy, duty. Goals: protect_garrison. maintain_order. follow_chain_of_command."
sergeant_932,"A sergeant with a authoritative, brusque demeanor who values order, hierarchy, duty. Goals: follow_chain_of_command. protect_garrison. maintain_order."
soldier_020,"A soldier with a blunt, loyal demeanor who values honor, obedience, comradeship. Goals: protect_comrades. follow_orders. survive."
soldier_070,"A soldier with a suspicious, blunt demeanor who values honor, obedience, comradeship. Goals: follow_orders. protect_comrades. survive."
soldier_100,"A soldier with a suspicious, loyal demeanor who values honor, obedience, comradeship. Goals: protect_comrades. survive. follow_orders."
soldier_144,"A soldier with a suspicious, loyal demeanor who values honor, obedience, comradeship. Goals: follow_orders. protect_comrades. survive."
soldier_153,"A soldier with a loyal, blunt demeanor who values honor, obedience, comradeship. Goals: follow_orders. survive. protect_comrades."
soldier_232,"A soldier with a loyal, blunt demeanor who values honor, obedience, comradeship. Goals: survive. protect_comrades. follow_orders."
soldier_269,"A soldier with a suspicious, blunt demeanor who values honor, obedience, comradeship. Goals: follow_orders. protect_comrades. survive."
soldier_291,"A soldier with a blunt, loyal demeanor who values honor, obedience, comradeship. Goals: follow_orders. protect_comrades. survive."
soldier_346,"A soldier with a loyal, suspicious demeanor who values honor, obedience, comradeship. Goals: protect_comrades. survive. follow_orders."
soldier_489,"A soldier with a suspicious, blunt demeanor who values honor, obedience, comradeship. Goals: follow_orders. survive. protect_comrades."
soldier_551,"A soldier with a loyal, blunt demeanor who values honor, obedience, comradeship. Goals: survive. protect_comrades. follow_orders."
soldier_599,"A soldier with a loyal, suspicious demeanor who values honor, obedience, comradeship. Goals: protect_comrades. follow_orders. survive."
soldier_688,"A soldier with a loyal, suspicious demeanor who values honor, obedience, comradeship. Goals: survive. protect_comrades. follow_orders."
soldier_761,"A soldier with a suspicious, blunt demeanor who values honor, obedience, comradeship. Goals: protect_comrades. follow_orders. survive."
soldier_817,"A soldier with a loyal, blunt demeanor who values honor, obedience, comradeship. Goals: protect_comrades. survive. follow_orders."
soldier_906,"A soldier with a loyal, suspicious demeanor who values honor, obedience, comradeship. Goals: protect_comrades. survive. follow_orders."
soldier_910,"A soldier with a suspicious, blunt demeanor who values honor, obedience, comradeship. Goals: protect_comrades. survive. follow_orders."
soldier_924,"A soldier with a suspicious, loyal demeanor who values honor, obedience, comradeship. Goals: follow_orders. protect_comrades. survive."
soldier_927,"A soldier with a suspicious, blunt demeanor who values honor, obedience, comradeship. Goals: follow_orders. protect_comrades. survive."
spy_007,"A spy with a calculating, charming demeanor who values survival, loyalty_to_handler, pragmatism. Goals: complete_mission. maintain_cover. avoid_exposure."
spy_029,"A spy with a calculating, charming demeanor who values survival, loyalty_to_handler, pragmatism. Goals: complete_mission. avoid_exposure. maintain_cover."
spy_037,"A spy with a calculating, charming demeanor who values survival, loyalty_to_handler, pragmatism. Goals: maintain_cover. complete_mission. avoid_exposure."
spy_052,"A spy with a charming, calculating demeanor who values survival, loyalty_to_handler, pragmatism. Goals: complete_mission. avoid_exposure. maintain_cover."
spy_084,"A spy with a calculating, charming demeanor who values survival, loyalty_to_handler, pragmatism. Goals: complete_mission. maintain_cover. avoid_exposure."
spy_138,"A spy with a calculating, evasive demeanor who values survival, loyalty_to_handler, pragmatism. Goals: maintain_cover. avoid_exposure. complete_mission."
spy_144,"A spy with a evasive, calculating demeanor who values survival, loyalty_to_handler, pragmatism. Goals: complete_mission. maintain_cover. avoid_exposure."
spy_148,"A spy with a calculating, charming demeanor who values survival, loyalty_to_handler, pragmatism. Goals: complete_mission. maintain_cover. avoid_exposure."
spy_186,"A spy with a evasive, calculating demeanor who values survival, loyalty_to_handler, pragmatism. Goals: avoid_exposure. maintain_cover. complete_mission."
spy_211,"A spy with a evasive, calculating demeanor who values survival, loyalty_to_handler, pragmatism. Goals: avoid_exposure. complete_mission. maintain_cover."
spy_249,"A spy with a calculating, charming demeanor who values survival, loyalty_to_handler, pragmatism. Goals: maintain_cover. complete_mission. avoid_exposure."
spy_311,"A spy with a charming, evasive demeanor who values survival, loyalty_to_handler, pragmatism. Goals: avoid_exposure. complete_mission. maintain_cover."
spy_324,"A spy with a charming, calculating demeanor who values survival, loyalty_to_handler, pragmatism. Goals: avoid_exposure. complete_mission. maintain_cover."
spy_331,"A spy with a evasive, charming demeanor who values survival, loyalty_to_handler, pragmatism. Goals: maintain_cover. avoid_exposure. complete_mission."
spy_339,"A spy with a evasive, calculating demeanor who values survival, loyalty_to_handler, pragmatism. Goals: maintain_cover. complete_mission. avoid_exposure."
spy_342,"A spy with a calculating, evasive demeanor who values survival, loyalty_to_handler, pragmatism. Goals: avoid_exposure. complete_mission. maintain_cover."
spy_363,"A spy with a charming, evasive demeanor who values survival, loyalty_to_handler, pragmatism. Goals: maintain_cover. avoid_exposure. complete_mission."
spy_397,"A spy with a calculating, evasive demeanor who values survival, loyalty_to_handler, pragmatism. Goals: avoid_exposure. complete_mission. maintain_cover."
spy_399,"A spy with a calculating, evasive demeanor who values survival, loyalty_to_handler, pragmatism. Goals: complete_mission. avoid_exposure. maintain_cover."
spy_420,"A spy with a evasive, calculating demeanor who values survival, loyalty_to_handler, pragmatism. Goals: avoid_exposure. maintain_cover. complete_mission."
spy_453,"A spy with a charming, evasive demeanor who values survival, loyalty_to_handler, pragmatism. Goals: avoid_exposure. maintain_cover. complete_mission."
spy_476,"A spy with a evasive, calculating demeanor who values survival, loyalty_to_handler, pragmatism. Goals: avoid_exposure. complete_mission. maintain_cover."
spy_492,"A spy with a charming, calculating demeanor who values survival, loyalty_to_handler, pragmatism. Goals: complete_mission. avoid_exposure. maintain_cover."
spy_514,"A spy with a calculating, charming demeanor who values survival, loyalty_to_handler, pragmatism. Goals: avoid_exposure. maintain_cover. complete_mission."
spy_557,"A spy with a calculating, charming demeanor who values survival, loyalty_to_handler, pragmatism. Goals: complete_mission. maintain_cover. avoid_exposure."
spy_578,"A spy with a evasive, charming demeanor who values survival, loyalty_to_handler, pragmatism. Goals: complete_mission. maintain_cover. avoid_exposure."
spy_584,"A spy with a evasive, calculating demeanor who values survival, loyalty_to_handler, pragmatism. Goals: maintain_cover. complete_mission. avoid_exposure."
spy_601,"A spy with a calculating, charming demeanor who values survival, loyalty_to_handler, pragmatism. Goals: complete_mission. avoid_exposure. maintain_cover."
spy_611,"A spy with a charming, evasive demeanor who values survival, loyalty_to_handler, pragmatism. Goals: complete_mission. avoid_exposure. maintain_cover."
spy_615,"A spy with a evasive, calculating demeanor who values survival, loyalty_to_handler, pragmatism. Goals: avoid_exposure. maintain_cover. complete_mission."
spy_652,"A spy with a charming, calculating demeanor who values survival, loyalty_to_handler, pragmatism. Goals: avoid_exposure. complete_mission. maintain_cover."
spy_677,"A spy with a evasive, charming demeanor who values survival, loyalty_to_handler, pragmatism. Goals: maintain_cover. avoid_exposure. complete_mission."
spy_680,"A spy with a charming, calculating demeanor who values survival, loyalty_to_handler, pragmatism. Goals: maintain_cover. avoid_exposure. complete_mission."
spy_695,"A spy with a calculating, charming demeanor who values survival, loyalty_to_handler, pragmatism. Goals: complete_mission. avoid_exposure. maintain_cover."
spy_720,"A spy with a calculating, evasive demeanor who values survival, loyalty_to_handler, pragmatism. Goals: maintain_cover. complete_mission. avoid_exposure."
spy_729,"A spy with a evasive, charming demeanor who values survival, loyalty_to_handler, pragmatism. Goals: maintain_cover. avoid_exposure. complete_mission."
spy_731,"A spy with a calculating, charming demeanor who values survival, loyalty_to_handler, pragmatism. Goals: maintain_cover. avoid_exposure. complete_mission."
spy_740,"A spy with a calculating, evasive demeanor who values survival, loyalty_to_handler, pragmatism. Goals: complete_mission. maintain_cover. avoid_exposure."
spy_765,"A spy with a charming, calculating demeanor who values survival, loyalty_to_handler, pragmatism. Goals: complete_mission. avoid_exposure. maintain_cover."
spy_781,"A spy with a evasive, calculating demeanor who values survival, loyalty_to_handler, pragmatism. Goals: avoid_exposure. complete_mission. maintain_cover."
spy_809,"A spy with a charming, evasive demeanor who values survival, loyalty_to_handler, pragmatism. Goals: complete_mission. maintain_cover. avoid_exposure."
spy_816,"A spy with a charming, evasive demeanor who values survival, loyalty_to_handler, pragmatism. Goals: avoid_exposure. maintain_cover. complete_mission."
spy_828,"A spy with a evasive, charming demeanor who values survival, loyalty_to_handler, pragmatism. Goals: complete_mission. avoid_exposure. maintain_cover."
spy_839,"A spy with a evasive, calculating demeanor who values survival, loyalty_to_handler, pragmatism. Goals: avoid_exposure. maintain_cover. complete_mission."
spy_840,"A spy with a charming, evasive demeanor who values survival, loyalty_to_handler, pragmatism. Goals: maintain_cover. avoid_exposure. complete_mission."
spy_880,"A spy with a charming, evasive demeanor who values survival, loyalty_to_handler, pragmatism. Goals: avoid_exposure. maintain_cover. complete_mission."
spy_904,"A spy with a evasive, calculating demeanor who values survival, loyalty_to_handler, pragmatism. Goals: maintain_cover. complete_mission. avoid_exposure."
spy_956,"A spy with a calculating, charming demeanor who values survival, loyalty_to_handler, pragmatism. Goals: avoid_exposure. complete_mission. maintain_cover."
steward_070,"A steward with a meticulous, formal demeanor who values order, discretion, loyalty. Goals: maintain_order. manage_household. protect_noble."
steward_106,"A steward with a formal, meticulous demeanor who values order, discretion, loyalty. Goals: manage_household. maintain_order. protect_noble."
steward_109,"A steward with a meticulous, evasive demeanor who values order, discretion, loyalty. Goals: maintain_order. protect_noble. manage_household."
steward_117,"A steward with a evasive, meticulous demeanor who values order, discretion, loyalty. Goals: maintain_order. protect_noble. manage_household."
steward_145,"A steward with a evasive, meticulous demeanor who values order, discretion, loyalty. Goals: protect_noble. manage_household. maintain_order."
steward_171,"A steward with a evasive, meticulous demeanor who values order, discretion, loyalty. Goals: manage_household. maintain_order. protect_noble."
steward_217,"A steward with a evasive, meticulous demeanor who values order, discretion, loyalty. Goals: manage_household. protect_noble. maintain_order."
steward_247,"A steward with a evasive, meticulous demeanor who values order, discretion, loyalty. Goals: maintain_order. protect_noble. manage_household."
steward_310,"A steward with a meticulous, formal demeanor who values order, discretion, loyalty. Goals: manage_household. protect_noble. maintain_order."
steward_316,"A steward with a meticulous, formal demeanor who values order, discretion, loyalty. Goals: protect_noble. manage_household. maintain_order."
steward_318,"A steward with a formal, evasive demeanor who values order, discretion, loyalty. Goals: manage_household. maintain_order. protect_noble."
steward_321,"A steward with a formal, evasive demeanor who values order, discretion, loyalty. Goals: maintain_order. protect_noble. manage_household."
steward_333,"A steward with a meticulous, formal demeanor who values order, discretion, loyalty. Goals: protect_noble. maintain_order. manage_household."
steward_357,"A steward with a meticulous, evasive demeanor who values order, discretion, loyalty. Goals: manage_household. maintain_order. protect_noble."
steward_402,"A steward with a evasive, formal demeanor who values order, discretion, loyalty. Goals: protect_noble. maintain_order. manage_household."
steward_492,"A steward with a formal, meticulous demeanor who values order, discretion, loyalty. Goals: manage_household. maintain_order. protect_noble."
steward_611,"A steward with a evasive, formal demeanor who values order, discretion, loyalty. Goals: maintain_order. protect_noble. manage_household."
steward_670,"A steward with a meticulous, formal demeanor who values order, discretion, loyalty. Goals: manage_household. maintain_order. protect_noble."
steward_672,"A steward with a meticulous, evasive demeanor who values order, discretion, loyalty. Goals: maintain_order. protect_noble. manage_household."
steward_673,"A steward with a formal, meticulous demeanor who values order, discretion, loyalty. Goals: maintain_order. manage_household. protect_noble."
steward_753,"A steward with a meticulous, evasive demeanor who values order, discretion, loyalty. Goals: manage_household. maintain_order. protect_noble."
steward_837,"A steward with a formal, evasive demeanor who values order, discretion, loyalty. Goals: protect_noble. manage_household. maintain_order."
steward_843,"A steward with a formal, meticulous demeanor who values order, discretion, loyalty. Goals: maintain_order. manage_household. protect_noble."
steward_865,"A steward with a meticulous, evasive demeanor who values order, discretion, loyalty. Goals: maintain_order. protect_noble. manage_household."
steward_900,"A steward with a evasive, formal demeanor who values order, discretion, loyalty. Goals: manage_household. protect_noble. maintain_order."
steward_910,"A steward with a meticulous, formal demeanor who values order, discretion, loyalty. Goals: maintain_order. manage_household. protect_noble."
steward_942,"A steward with a meticulous, formal demeanor who values order, discretion, loyalty. Goals: protect_noble. manage_household. maintain_order."
steward_958,"A steward with a evasive, meticulous demeanor who values order, discretion, loyalty. Goals: manage_household. protect_noble. maintain_order."
steward_962,"A steward with a meticulous, formal demeanor who values order, discretion, loyalty. Goals: manage_household. protect_noble. maintain_order."
steward_971,"A steward with a formal, evasive demeanor who values order, discretion, loyalty. Goals: manage_household. protect_noble. maintain_order."
steward_972,"A steward with a meticulous, evasive demeanor who values order, discretion, loyalty. Goals: maintain_order. protect_noble. manage_household."
